Ref,Value,Footprint,MPN,LCSC,Section,Fitted,Assembly,Note
J1,WAGO 2604-1102 (L N in),dmxnow:TerminalBlock_WAGO_2604-1102_1x02_P5.00mm_Horizontal,2604-1102,C3309286,main,yes,THT,PE is joined off-board by a WAGO 221-413 (arbitrage A9)
J4,WAGO 2604-1102 (L_SW N out 1),dmxnow:TerminalBlock_WAGO_2604-1102_1x02_P5.00mm_Horizontal,2604-1102,C3309286,main,yes,THT,PE is joined off-board by a WAGO 221-413 (arbitrage A9)
J7,"WAGO 2604-1102 (L_SW N out 2, J4b)",dmxnow:TerminalBlock_WAGO_2604-1102_1x02_P5.00mm_Horizontal,2604-1102,C3309286,main,yes,THT,PE is joined off-board by a WAGO 221-413 (arbitrage A9)
F1,"5x20 holder, T500mA H",Fuse:Fuseholder_Cylinder-5x20mm_Schurter_0031_8201_Horizontal_Open,Schurter 0031.8201,C3204125,main,yes,THT,"Fuse: Littelfuse 0215.500MXP (T500mA 250V ceramic, 1500 A)"
RV1,10D561K,dmxnow:RV_Disc_D12mm_T9mm_P7.5mm_Drill1.1,10D561K,C113236,main,yes,THT,
PS1,IRM-03-5,dmxnow:Converter_ACDC_MeanWell_IRM-03-xx_THT_Drill1.0,MEAN WELL IRM-03-5,C6969425,main,yes,THT,
K1,G5RL-1A-E-HR DC5,dmxnow:Relay_SPST_Omron_G5RL-1A-E-HR,Omron G5RL-1A-E-HR DC5,C113250,main,yes,THT,"Omron pins: coil 1/8, COM 3/6, NO 4/5"
U3,AP2112K-3.3,Package_TO_SOT_SMD:SOT-23-5,AP2112K-3.3TRG1,C51118,main,yes,SMT,
C5,1uF,Capacitor_SMD:C_0603_1608Metric,,C15849,main,yes,SMT,
C10,47uF 10V,Capacitor_SMD:C_1206_3216Metric,,C96123,main,yes,SMT,
C6,1uF,Capacitor_SMD:C_0603_1608Metric,,C15849,main,yes,SMT,
C1,47uF 10V,Capacitor_SMD:C_1206_3216Metric,,C96123,main,yes,SMT,
C2,100nF,Capacitor_SMD:C_0603_1608Metric,,C14663,main,yes,SMT,
U1,ESP32-C3-MINI-1-N4,Espressif:ESP32-C3-MINI-1,ESP32-C3-MINI-1-N4,C2838502,main,yes,SMT,
R1,10k,Resistor_SMD:R_0603_1608Metric,,C25804,main,yes,SMT,
C4,1uF,Capacitor_SMD:C_0603_1608Metric,,C15849,main,yes,SMT,
R2,10k,Resistor_SMD:R_0603_1608Metric,,C25804,main,yes,SMT,
R3,10k,Resistor_SMD:R_0603_1608Metric,,C25804,main,yes,SMT,
R4,10k,Resistor_SMD:R_0603_1608Metric,,C25804,main,yes,SMT,
SW1,PTS810 (BOOT/maintenance),Button_Switch_SMD:SW_SPST_PTS810,C&K PTS810 SJM 250 SMTR LFS,C116501,main,yes,SMT,
J3,PROG (3V3 GND D- D+ EN BOOT 5V),Connector_PinHeader_2.54mm:PinHeader_1x07_P2.54mm_Vertical,,,main,no,THT,"Pads only, header not fitted"
R19,330R,Resistor_SMD:R_0603_1608Metric,,C23138,main,DNP (option A7),SMT,
D4,LED red 0603,LED_SMD:LED_0603_1608Metric,KT-0603R,C2286,main,DNP (option A7),SMT,
R5,100R,Resistor_SMD:R_0603_1608Metric,,C22775,main,yes,SMT,
R6,100k,Resistor_SMD:R_0603_1608Metric,,C25803,main,yes,SMT,
Q1,AO3400A,Package_TO_SOT_SMD:SOT-23,,C20917,main,yes,SMT,
D2,1N4148W,Diode_SMD:D_SOD-123,,C81598,main,yes,SMT,
U2,SP3485EN,Package_SO:SOIC-8_3.9x4.9mm_P1.27mm,SP3485EN-L/TR,C8963,main,yes,SMT,
C3,100nF,Capacitor_SMD:C_0603_1608Metric,,C14663,main,yes,SMT,
R22,10k,Resistor_SMD:R_0603_1608Metric,,C25804,main,yes,SMT,
D1,SM712,Package_TO_SOT_SMD:SOT-23,SM712.TCT,C12067,main,yes,SMT,
J2,DMX tail (1 GND 2 B 3 A),Connector_Wire:SolderWire-0.25sqmm_1x03_P4.2mm_D0.65mm_OD1.7mm,,,main,no,THT,Wire pads
J5,WAGO 2604-1102 (VLED_IN GND_LED),dmxnow:TerminalBlock_WAGO_2604-1102_1x02_P5.00mm_Horizontal,2604-1102,C3309286,strip,yes,THT,
F2,ATO holder + 20A fuse,Fuse:FuseHolder_Blade_ATO_Littelfuse_FLR_178.6165,Littelfuse 178.6165.0002,C207061,strip,yes,THT,
D3,SMBJ28A,Diode_SMD:D_SMB,SMBJ28A,C113997,strip,yes,SMT,
C7,470uF 35V low ESR,Capacitor_THT:CP_Radial_D10.0mm_P5.00mm,Nichicon UHW1V471MPD,C136284,strip,yes,THT,2 A ripple at 100 kHz (V-HW-08)
C8,1uF 50V,Capacitor_SMD:C_1206_3216Metric,,C1848,strip,yes,SMT,
U4,74AHCT125,Package_SO:SOIC-14_3.9x8.7mm_P1.27mm,SN74AHCT125DR,C155176,strip,yes,SMT,
C9,100nF,Capacitor_SMD:C_0603_1608Metric,,C14663,strip,yes,SMT,
J6,WAGO 2604-1105 (VLED CH1-CH4),dmxnow:TerminalBlock_WAGO_2604-1105_1x05_P5.00mm_Horizontal,2604-1105,C3818651,strip,yes,"THT, hand-soldered or consigned: WAGO 2604-1105 C3818651: 0 stock at JLC/LCSC (2026-09-26)",Out of stock at LCSC (2026-09): order from a WAGO distributor
R20,0R,Resistor_SMD:R_0805_2012Metric,,C17477,strip,yes,SMT,Logic ground to LED ground star point
R21,0R,Resistor_SMD:R_0603_1608Metric,,C21189,strip,yes,SMT,Variant detection (GPIO1 low = strip part present)
R23,100k,Resistor_SMD:R_0603_1608Metric,,C25803,main,yes,SMT,
R15,4.7k,Resistor_SMD:R_0603_1608Metric,,C23162,main,yes,SMT,"PWM pull-down, main side of the breakaway line, SPEC 4.6"
R7,100R,Resistor_SMD:R_0603_1608Metric,,C22775,strip,yes,SMT,
R11,100k,Resistor_SMD:R_0603_1608Metric,,C25803,strip,yes,SMT,
Q2,AOD2610E,Package_TO_SOT_SMD:TO-252-2,AOD2610E,C282428,strip,yes,SMT,60 V: above the SMBJ28A clamp voltage (R-10)
R16,4.7k,Resistor_SMD:R_0603_1608Metric,,C23162,main,yes,SMT,"PWM pull-down, main side of the breakaway line, SPEC 4.6"
R8,100R,Resistor_SMD:R_0603_1608Metric,,C22775,strip,yes,SMT,
R12,100k,Resistor_SMD:R_0603_1608Metric,,C25803,strip,yes,SMT,
Q3,AOD2610E,Package_TO_SOT_SMD:TO-252-2,AOD2610E,C282428,strip,yes,SMT,60 V: above the SMBJ28A clamp voltage (R-10)
R17,4.7k,Resistor_SMD:R_0603_1608Metric,,C23162,main,yes,SMT,"PWM pull-down, main side of the breakaway line, SPEC 4.6"
R9,100R,Resistor_SMD:R_0603_1608Metric,,C22775,strip,yes,SMT,
R13,100k,Resistor_SMD:R_0603_1608Metric,,C25803,strip,yes,SMT,
Q4,AOD2610E,Package_TO_SOT_SMD:TO-252-2,AOD2610E,C282428,strip,yes,SMT,60 V: above the SMBJ28A clamp voltage (R-10)
R18,4.7k,Resistor_SMD:R_0603_1608Metric,,C23162,main,yes,SMT,"PWM pull-down, main side of the breakaway line, SPEC 4.6"
R10,100R,Resistor_SMD:R_0603_1608Metric,,C22775,strip,yes,SMT,
R14,100k,Resistor_SMD:R_0603_1608Metric,,C25803,strip,yes,SMT,
Q5,AOD2610E,Package_TO_SOT_SMD:TO-252-2,AOD2610E,C282428,strip,yes,SMT,60 V: above the SMBJ28A clamp voltage (R-10)
-,WAGO 221-413,-,221-413,,full+cut,x1,off-board,"PE junction, 230 V compartment (arbitrage A9)"
-,ATO blade fuse 20 A,-,Littelfuse 0257020,,full,x1,off-board,"F2 fuse (<= 80 % continuous load, see REVIEW.md)"
-,Fuse 5x20 T500mA H 250V ceramic,-,Littelfuse 0215.500MXP,,full+cut,x1,off-board,"F1 cartridge, into the F1 holder (LCSC C142839)"
-,Neutrik NC3FXX,-,NC3FXX,,full+cut,x1,off-board,DMX tail connector
-,"DMX cable 120 ohm, 1 m",-,,,full+cut,x1,off-board,DMX tail
-,Cable gland M16 (or PG9),-,,,full+cut,x3,off-board,"mains in, projector out, LED PSU out"
-,Cable gland PG7,-,,,full+cut,x3,off-board,DMX tail; LED in/out on full board
-,M3 heat-set insert + M3 nylon screw,-,,,full+cut,x6,off-board,PCB and lid fixing
