Comment,Designator,Footprint,LCSC Part #
47uF 10V,"C1,C10",C_1206_3216Metric,C96123
100nF,"C2,C3,C9",C_0603_1608Metric,C14663
1uF,"C4,C5,C6",C_0603_1608Metric,C15849
470uF 35V low ESR,C7,CP_Radial_D10.0mm_P5.00mm,C136284
1uF 50V,C8,C_1206_3216Metric,C1848
SM712,D1,SOT-23,C12067
1N4148W,D2,D_SOD-123,C81598
SMBJ28A,D3,D_SMB,C113997
"5x20 holder, T500mA H",F1,Fuseholder_Cylinder-5x20mm_Schurter_0031_8201_Horizontal_Open,C3204125
ATO holder + 20A fuse,F2,FuseHolder_Blade_ATO_Littelfuse_FLR_178.6165,C207061
WAGO 2604-1102 (L N in),J1,TerminalBlock_WAGO_2604-1102_1x02_P5.00mm_Horizontal,C3309286
WAGO 2604-1102 (L_SW N out 1),J4,TerminalBlock_WAGO_2604-1102_1x02_P5.00mm_Horizontal,C3309286
WAGO 2604-1102 (VLED_IN GND_LED),J5,TerminalBlock_WAGO_2604-1102_1x02_P5.00mm_Horizontal,C3309286
WAGO 2604-1105 (VLED CH1-CH4),J6,TerminalBlock_WAGO_2604-1105_1x05_P5.00mm_Horizontal,C3818651
"WAGO 2604-1102 (L_SW N out 2, J4b)",J7,TerminalBlock_WAGO_2604-1102_1x02_P5.00mm_Horizontal,C3309286
G5RL-1A-E-HR DC5,K1,Relay_SPST_Omron_G5RL-1A-E-HR,C113250
IRM-03-5,PS1,Converter_ACDC_MeanWell_IRM-03-xx_THT,C6969425
AO3400A,Q1,SOT-23,C20917
AOD2610E,"Q2,Q3,Q4,Q5",TO-252-2,C282428
10k,"R1,R2,R22,R3,R4",R_0603_1608Metric,C25804
4.7k,"R15,R16,R17,R18",R_0603_1608Metric,C23162
0R,R20,R_0805_2012Metric,C17477
0R,R21,R_0603_1608Metric,C21189
100R,"R10,R5,R7,R8,R9",R_0603_1608Metric,C22775
100k,"R11,R12,R13,R14,R23,R6",R_0603_1608Metric,C25803
10D561K,RV1,RV_Disc_D12mm_T9mm_P7.5mm_Drill1.1,C113236
PTS810 (BOOT/maintenance),SW1,SW_SPST_PTS810,C116501
ESP32-C3-MINI-1-N4,U1,ESP32-C3-MINI-1,C2838502
SP3485EN,U2,SOIC-8_3.9x4.9mm_P1.27mm,C8963
AP2112K-3.3,U3,SOT-23-5,C51118
74AHCT125,U4,SOIC-14_3.9x8.7mm_P1.27mm,C155176
