Designator,Mid X,Mid Y,Layer,Rotation
C1,77.500mm,36.700mm,Top,0
C10,67.000mm,29.000mm,Top,0
C2,79.500mm,44.500mm,Top,90
C3,84.000mm,19.500mm,Top,0
C4,77.000mm,40.500mm,Top,90
C5,72.000mm,33.000mm,Top,90
C6,79.000mm,33.000mm,Top,90
C7,119.005mm,17.500mm,Top,0
C8,140.500mm,17.000mm,Top,0
C9,107.600mm,23.000mm,Top,0
D1,91.500mm,14.000mm,Top,270
D2,58.500mm,44.000mm,Top,0
D3,133.000mm,17.000mm,Top,180
D4,83.000mm,29.000mm,Top,90
F1,24.250mm,58.500mm,Top,0
F2,115.100mm,3.750mm,Top,0
J1,7.900mm,46.500mm,Top,270
J4,7.900mm,31.000mm,Top,270
J5,137.400mm,7.500mm,Top,90
J6,137.400mm,33.500mm,Top,90
J7,7.900mm,15.500mm,Top,270
K1,40.800mm,35.250mm,Top,180
PS1,53.240mm,14.890mm,Top,0
Q1,59.000mm,34.000mm,Top,180
Q2,119.200mm,27.000mm,Top,180
Q3,119.200mm,34.500mm,Top,180
Q4,119.200mm,42.000mm,Top,180
Q5,119.200mm,49.500mm,Top,180
R1,79.500mm,40.500mm,Top,90
R10,111.500mm,51.800mm,Top,0
R11,111.500mm,26.500mm,Top,0
R12,111.500mm,34.000mm,Top,0
R13,111.500mm,41.500mm,Top,0
R14,111.500mm,49.000mm,Top,0
R15,94.200mm,23.000mm,Top,180
R16,94.200mm,21.000mm,Top,180
R17,94.200mm,19.000mm,Top,180
R18,94.200mm,17.000mm,Top,180
R19,83.000mm,33.000mm,Top,90
R2,93.500mm,30.000mm,Top,90
R20,111.500mm,22.800mm,Top,0
R21,105.500mm,45.000mm,Top,0
R22,80.000mm,10.500mm,Top,90
R23,95.200mm,33.500mm,Top,90
R3,93.500mm,33.500mm,Top,90
R4,77.000mm,44.500mm,Top,90
R5,62.500mm,37.000mm,Top,0
R6,62.500mm,30.500mm,Top,0
R7,111.500mm,29.300mm,Top,0
R8,111.500mm,36.800mm,Top,0
R9,111.500mm,44.300mm,Top,0
RV1,31.020mm,8.250mm,Top,90
SW1,87.500mm,29.500mm,Top,0
U1,88.000mm,42.400mm,Top,0
U2,84.000mm,15.000mm,Top,270
U3,75.500mm,33.000mm,Top,270
U4,108.500mm,17.000mm,Top,270
